emission_year,scc_co2_2.5pct,scc_co2_2.0pct,scc_co2_1.5pct,scc_ch4_2.5pct,scc_ch4_2.0pct,scc_ch4_1.5pct,scc_n2o_2.5pct,scc_n2o_2.0pct,scc_n2o_1.5pct
2020,117,193,337,1257,1648,2305,35232,54139,87284
2021,119,197,341,1324,1723,2391,36180,55364,88869
2022,122,200,346,1390,1799,2478,37128,56590,90454
2023,125,204,351,1457,1874,2564,38076,57816,92040
2024,128,208,356,1524,1950,2650,39024,59041,93625
2025,130,212,360,1590,2025,2737,39972,60267,95210
2026,133,215,365,1657,2101,2823,40920,61492,96796
2027,136,219,370,1724,2176,2910,41868,62718,98381
2028,139,223,375,1791,2252,2996,42816,63944,99966
2029,141,226,380,1857,2327,3083,43764,65169,101552
2030,144,230,384,1924,2403,3169,44712,66395,103137
2031,147,234,389,2002,2490,3270,45693,67645,104727
2032,150,237,394,2080,2578,3371,46674,68895,106316
2033,153,241,398,2157,2666,3471,47655,70145,107906
2034,155,245,403,2235,2754,3572,48636,71394,109495
2035,158,248,408,2313,2842,3673,49617,72644,111085
2036,161,252,412,2391,2929,3774,50598,73894,112674
2037,164,256,417,2468,3017,3875,51578,75144,114264
2038,167,259,422,2546,3105,3975,52559,76394,115853
2039,170,263,426,2624,3193,4076,53540,77644,117443
2040,173,267,431,2702,3280,4177,54521,78894,119032
2041,176,271,436,2786,3375,4285,55632,80304,120809
2042,179,275,441,2871,3471,4394,56744,81714,122586
2043,182,279,446,2955,3566,4502,57855,83124,124362
2044,186,283,451,3040,3661,4610,58966,84535,126139
2045,189,287,456,3124,3756,4718,60078,85945,127916
2046,192,291,462,3209,3851,4827,61189,87355,129693
2047,195,296,467,3293,3946,4935,62301,88765,131469
2048,199,300,472,3378,4041,5043,63412,90176,133246
2049,202,304,477,3462,4136,5151,64523,91586,135023
2050,205,308,482,3547,4231,5260,65635,92996,136799
2051,208,312,487,3624,4320,5363,66673,94319,138479
2052,211,315,491,3701,4409,5466,67712,95642,140158
2053,214,319,496,3779,4497,5569,68750,96965,141838
2054,217,323,500,3856,4586,5672,69789,98288,143517
2055,220,326,505,3933,4675,5774,70827,99612,145196
2056,222,330,510,4011,4763,5877,71866,100935,146876
2057,225,334,514,4088,4852,5980,72904,102258,148555
2058,228,338,519,4165,4941,6083,73943,103581,150235
2059,231,341,523,4243,5029,6186,74981,104904,151914
2060,234,345,528,4320,5118,6289,76020,106227,153594
2061,236,348,532,4389,5199,6385,76920,107385,155085
2062,239,351,535,4458,5280,6480,77820,108542,156576
2063,241,354,539,4527,5361,6576,78720,109700,158066
2064,244,357,543,4596,5442,6671,79620,110857,159557
2065,246,360,547,4666,5523,6767,80520,112015,161048
2066,248,363,550,4735,5604,6862,81419,113172,162539
2067,251,366,554,4804,5685,6958,82319,114330,164030
2068,253,369,558,4873,5765,7053,83219,115487,165521
2069,256,372,562,4942,5846,7149,84119,116645,167012
2070,258,375,565,5011,5927,7244,85019,117802,168503
2071,261,378,569,5085,6013,7344,86012,119027,170013
2072,263,382,573,5160,6099,7444,87006,120252,171523
2073,266,385,576,5234,6184,7545,87999,121477,173033
2074,269,388,580,5309,6270,7645,88992,122702,174543
2075,271,391,583,5383,6355,7745,89985,123926,176053
2076,274,394,587,5458,6441,7845,90978,125151,177563
2077,276,398,591,5532,6527,7946,91971,126376,179073
2078,279,401,594,5607,6612,8046,92964,127601,180582
2079,282,404,598,5681,6698,8146,93958,128826,182092
2080,284,407,601,5756,6783,8246,94951,130050,183602
