Region/State,Average tipping Fee,Standard Deviation
Pacific,72.88,42.55
Alaska,124.25,93.02
Arizona,50.1,13.75
California,83.76,38.64
Idaho,38.21,15.82
Nevada,61.14,22.43
Oregon,65.98,26.24
Washington,47.7,3.56
Northeast,80.67,29.28
Maine,110.91,8.78
Maryland,84.14,22.3
New Hampshire,110.46,44.77
New Jersey,79.12,22.58
New York,83.67,25.43
Pennsylvania,85.45,22.26
Virginia,63.72,30.71
West Virginia,45.92,3.01
Mountains/Plains,56.61,30.13
Colorado,52.58,21.59
Montana,42.59,16.86
North Dakota,49.0,4.9
South Dakota,47.0,9.46
Utah,35.3,10.86
Wyoming,85.95,38.7
Midwest,66.09,45.01
Illinois,93.07,35.98
Indiana,43.56,21.07
Iowa,49.73,14.14
Kansas,34.78,17.3
Michigan,77.93,19.28
Minnesota,77.39,51.2
Missouri,136.65,139.28
Nebraska,34.34,9.41
Ohio,61.8,29.6
Wisconsin,85.64,18.5
Southeast,50.12,22.88
Alabama,38.78,16.92
Florida,53.47,23.04
Georgia,55.76,25.99
Kentucky,50.11,24.82
Mississippi,31.9,21.92
North Carolina,39.71,5.35
South Carolina,56.2,24.95
Tennessee,62.24,28.26
South Central,44.87,22.05
Arkansas,52.5,39.54
Louisiana,39.39,16.26
New Mexico,47.44,7.45
Oklahoma,46.48,22.08
Texas,42.56,20.19
National Average,62.28,35.98
