"canonical_id","canonical_label","material_group","material_subtype","record_type","v1_scope","is_replacement_option","burnout_eul_precedence","physical_life_years","physical_life_status","fragility_proxy_id","fragility_proxy_status","data_readiness","notes"
"MAT_ASPHALT_UNSPECIFIED","Asphalt Shingle - Unspecified","asphalt","unspecified","group_placeholder","in_scope_input_only","false","user_eul>physical_material_default>unresolved","","default_to_architectural","WSF1","active_interim_assumption","defaulted_input","Preserve the raw generic value, resolve it to MAT_ASPHALT_ARCH, and set a default-applied flag."
"MAT_ASPHALT_3TAB","Asphalt Shingle - 3-Tab","asphalt","3_tab","specific_covering","in_scope","true","user_eul>physical_material_default>unresolved","17.5","source_exact","WSF1","active_interim_assumption","partial","Use WSF1 curves with an assumption flag; physical asphalt identity and service life remain unchanged."
"MAT_ASPHALT_ARCH","Asphalt Shingle - Architectural","asphalt","architectural","specific_covering","in_scope","true","user_eul>physical_material_default>unresolved","27.5","source_exact","WSF1","active_interim_assumption","partial","Use WSF1 curves with an assumption flag; physical asphalt identity and service life remain unchanged."
"MAT_ASPHALT_PREMIUM_ARCH","Asphalt Shingle - Premium Architectural","asphalt","premium_architectural","specific_covering","in_scope","true","user_eul>physical_material_default>unresolved","27.5","approved_architectural_shared","WSF1","active_interim_assumption","incomplete","Use architectural mass/life and WSF1 curves with separate flags; user price override is required."
"MAT_ASPHALT_IMPACT_CLASS4","Asphalt Shingle - Impact-Resistant Class 4","asphalt","impact_resistant_class_4","specific_covering","in_scope","true","user_eul>physical_material_default>unresolved","30","source_exact","WSF1","active_interim_assumption","incomplete","Use premium-architectural labor and WSF1 curves with separate flags; user price override and escalation input are required."
"MAT_METAL_UNSPECIFIED","Metal Roofing - Unspecified","metal","unspecified","group_placeholder","in_scope_input_only","false","user_eul>physical_material_default>unresolved","","default_to_corrugated","SERBL","active_interim_assumption","defaulted_input","Preserve the raw generic value, resolve it to MAT_METAL_CORRUGATED, and set a default-applied flag; use the flagged SERBL proxy after resolution."
"MAT_METAL_CORRUGATED","Metal Roofing - Corrugated Panel","metal","corrugated_panel","specific_covering","in_scope","true","user_eul>physical_material_default>unresolved","55","approved_shared_metal","SERBL","active_interim_assumption","partial","Use SERBL curves with an assumption flag; physical metal identity and 55-year service life remain unchanged."
"MAT_METAL_STANDING_SEAM","Metal Roofing - Standing Seam","metal","standing_seam","specific_covering","in_scope","true","user_eul>physical_material_default>unresolved","55","approved_shared_metal","SERBL","active_interim_assumption","incomplete","Use SERBL curves with an assumption flag; physical metal identity and 55-year service life remain unchanged; user price override is required."
"MAT_METAL_ROOF_TILE","Metal Roofing - Tile or Shingle Form","metal","roof_tile_or_shingle","specific_covering","in_scope","true","user_eul>physical_material_default>unresolved","55","approved_shared_metal","SERBL","active_interim_assumption","incomplete","Use SERBL curves with an assumption flag; physical metal identity and 55-year service life remain unchanged; user price override and escalation input are required."
"MAT_TILE_UNSPECIFIED","Roof Tile - Unspecified","tile","unspecified","group_placeholder","in_scope_input_only","false","user_eul>physical_material_default>unresolved","","default_to_concrete","MSF1","active_interim_assumption","defaulted_input","Preserve the raw generic value, resolve it to MAT_TILE_CONCRETE, and set a default-applied flag; use the flagged MSF1 proxy after resolution. MERBL remains excluded."
"MAT_TILE_CLAY","Clay Tile","tile","clay","specific_covering","in_scope","true","user_eul>physical_material_default>unresolved","75","source_exact","MSF1","active_interim_assumption","incomplete","Use MSF1 curves with an assumption flag; physical clay-tile identity and 75-year service life remain unchanged; price and recycling factor are missing."
"MAT_TILE_CONCRETE","Concrete Tile","tile","concrete","specific_covering","in_scope","true","user_eul>physical_material_default>unresolved","45","source_exact","MSF1","active_interim_assumption","incomplete","Use MSF1 curves with an assumption flag; physical concrete-tile identity and 45-year service life remain unchanged; price is missing."
"MAT_SLATE","Slate Roofing","mineral","slate","specific_covering","in_scope","true","user_eul>physical_material_default>unresolved","112.5","source_exact","","missing","incomplete","Provisional labor, mass, and concrete-proxy EOL exist; price, escalation, and fragility mapping are missing."
"MAT_WOOD_SHAKE","Wood Shake or Shingle","wood","shake_or_shingle","specific_covering","in_scope","true","user_eul>physical_material_default>unresolved","","user_override_required","WSF1","candidate_blocked","incomplete","User mass, EUL, and price overrides are required; provisional labor and an EOL landfill factor exist."
"MAT_BUR_MOD_BIT","Built-Up Roofing or Modified Bitumen","bituminous_membrane","bur_or_modified_bitumen","specific_covering","in_scope","true","user_eul>physical_material_default>unresolved","","missing","","missing","incomplete","Only a combined EOL bucket exists; future review may split BUR from modified bitumen."
"MAT_TPO","TPO Membrane","single_ply_membrane","tpo","specific_covering","in_scope","true","user_eul>physical_material_default>unresolved","","missing","","missing","incomplete","An EOL row exists but both factors are missing; no other current lookup coverage."
"MAT_EPDM","EPDM Membrane","single_ply_membrane","epdm","specific_covering","in_scope","true","user_eul>physical_material_default>unresolved","","missing","","missing","incomplete","Only tire-proxy EOL factors exist."
"MAT_PVC","PVC Membrane","single_ply_membrane","pvc","specific_covering","in_scope","true","user_eul>physical_material_default>unresolved","","missing","","missing","incomplete","Only a PVC-proxy landfill factor exists; recycling factor is missing."
"MAT_ALUMINUM","Aluminum Roofing","metal","aluminum","specific_covering","in_scope","true","user_eul>physical_material_default>unresolved","","missing","","missing","incomplete","Only aluminum-proxy EOL factors exist."
"MAT_COPPER","Copper Roofing","metal","copper","specific_covering","in_scope","true","user_eul>physical_material_default>unresolved","","missing","","missing","incomplete","Only copper-proxy EOL factors exist."