"mapping_id","mapping_domain","lookup_direction","source_dataset_id","source_paths","source_column","source_value","normalized_source_value","canonical_id","canonical_label","canonical_group","relationship","mapping_status","confidence","decision_required","notes"
"USR-MAT-001","roof_material","source_to_canonical","asset_inventory_test","Data/User_Inputs/asset_inventory_test_1.xlsx","current_roof_type","asphalt","asphalt","MAT_ASPHALT_ARCH","Asphalt Shingle - Architectural","asphalt","explicit_default","approved_default","high","no","Generic asphalt defaults to architectural asphalt; preserve the raw term and set a default-applied flag."
"USR-MAT-002","roof_material","source_to_canonical","asset_inventory_test","Data/User_Inputs/asset_inventory_test_1.xlsx","current_roof_type","metal","metal","MAT_METAL_CORRUGATED","Metal Roofing - Corrugated Panel","metal","explicit_default","approved_default","high","no","Generic metal defaults to corrugated panel; preserve the raw term and set a default-applied flag."
"USR-MAT-003","roof_material_subtype","source_to_canonical","asset_inventory_test","Data/User_Inputs/asset_inventory_test_1.xlsx","subtype","na","na","","Unspecified","","missing_value_marker","requires_detail","high","yes","The test file supplies no subtype for either material."
"PRC-MAT-001","roof_material","canonical_to_source","material_price","Data/Materials/Start_Year_2026/home_depot_material_price_*.csv","material_class","asphalt_3_tab","asphalt_3_tab","MAT_ASPHALT_3TAB","Asphalt Shingle - 3-Tab","asphalt","exact_bucket","approved_exact","high","no","Exact controlled term in all four price tables."
"PRC-MAT-002","roof_material","canonical_to_source","material_price","Data/Materials/Start_Year_2026/home_depot_material_price_*.csv","material_class","asphalt_architectural","asphalt_architectural","MAT_ASPHALT_ARCH","Asphalt Shingle - Architectural","asphalt","exact_bucket","approved_exact","high","no","Exact controlled term in all four price tables."
"PRC-MAT-003","roof_material","canonical_to_source","material_price","Data/Materials/Start_Year_2026/home_depot_material_price_*.csv","material_class","metal_corrugated_panel","metal_corrugated_panel","MAT_METAL_CORRUGATED","Metal Roofing - Corrugated Panel","metal","exact_bucket","approved_exact","high","no","Exact controlled term; Houston/Texas local rows are missing and require geographic fallback."
"PRC-GEO-001","material_price_geography_fallback","canonical_to_source","material_price","Data/Materials/Start_Year_2026/home_depot_material_price_*.csv","geography_level","zip","zip","GEO_LEVEL_CBSA","CBSA","geography","fallback_next","approved_fallback","high","no","If no exact-material ZIP row exists, try the asset's precomputed CBSA code."
"PRC-GEO-002","material_price_geography_fallback","canonical_to_source","material_price","Data/Materials/Start_Year_2026/home_depot_material_price_*.csv","geography_level","cbsa","cbsa","GEO_LEVEL_STATE","State","geography","fallback_next","approved_fallback","high","no","If no exact-material CBSA row exists, try the asset's state abbreviation."
"PRC-GEO-003","material_price_geography_fallback","canonical_to_source","material_price","Data/Materials/Start_Year_2026/home_depot_material_price_*.csv","geography_level","state","state","GEO_LEVEL_NATIONAL","National","geography","fallback_next","approved_fallback","high","no","If no exact-material state row exists, try the national exact-material row."
"PRC-GEO-004","material_price_geography_fallback","canonical_to_source","material_price","Data/Materials/Start_Year_2026/home_depot_material_price_*.csv","geography_level","national","national","USER_PRICE_OVERRIDE","User-Supplied Material Price","override","fallback_next","approved_fallback","high","no","If no national exact-material row exists, require a user price override before ranking the option."
"ESC-MAT-001","roof_material","canonical_to_source","material_escalation","Data/Materials/Escalation/material_projection_rates.csv","material_class","asphalt_3_tab","asphalt_3_tab","MAT_ASPHALT_3TAB","Asphalt Shingle - 3-Tab","asphalt","exact_bucket","approved_exact","high","no","Uses PPI series WPU1361."
"ESC-MAT-002","roof_material","canonical_to_source","material_escalation","Data/Materials/Escalation/material_projection_rates.csv","material_class","asphalt_architectural","asphalt_architectural","MAT_ASPHALT_ARCH","Asphalt Shingle - Architectural","asphalt","exact_bucket","approved_exact","high","no","Uses PPI series WPU1361."
"ESC-MAT-003","roof_material","canonical_to_source","material_escalation","Data/Materials/Escalation/material_projection_rates.csv","material_class","asphalt_premium_architectural","asphalt_premium_architectural","MAT_ASPHALT_PREMIUM_ARCH","Asphalt Shingle - Premium Architectural","asphalt","exact_bucket","approved_exact","high","no","Uses PPI series WPU1361; no current price or mass row."
"ESC-MAT-004","roof_material","canonical_to_source","material_escalation","Data/Materials/Escalation/material_projection_rates.csv","material_class","metal_corrugated_panel","metal_corrugated_panel","MAT_METAL_CORRUGATED","Metal Roofing - Corrugated Panel","metal","exact_bucket","approved_exact","high","no","Uses PPI series WPU1017."
"ESC-MAT-005","roof_material","canonical_to_source","material_escalation","Data/Materials/Escalation/material_projection_rates.csv","material_class","metal_standing_seam","metal_standing_seam","MAT_METAL_STANDING_SEAM","Metal Roofing - Standing Seam","metal","exact_bucket","approved_exact","high","no","Uses PPI series WPU1017; no current price row."
"ESC-MAT-006","roof_material","canonical_to_source","material_escalation","Data/Materials/Escalation/material_projection_rates.csv","material_class","tile_clay","tile_clay","MAT_TILE_CLAY","Clay Tile","tile","exact_bucket","approved_exact","high","no","Uses clay-products proxy PPI series WPU1322; no current price row."
"ESC-MAT-007","roof_material","canonical_to_source","material_escalation","Data/Materials/Escalation/material_projection_rates.csv","material_class","tile_concrete","tile_concrete","MAT_TILE_CONCRETE","Concrete Tile","tile","exact_bucket","approved_exact","high","no","Uses concrete-products proxy PPI series WPU133; no current price row."
"LAB-MAT-001","roof_material","canonical_to_source","labor_productivity","Data/Labor/Productivity/roof_labor_productivity_parameters.csv","roof_type","asphalt_3_tab","asphalt_3_tab","MAT_ASPHALT_3TAB","Asphalt Shingle - 3-Tab","asphalt","exact_bucket","approved_exact","high","no","Productivity parameters are complete but provisional ASSUMPTION_V1 values."
"LAB-MAT-002","roof_material","canonical_to_source","labor_productivity","Data/Labor/Productivity/roof_labor_productivity_parameters.csv","roof_type","asphalt_architectural","asphalt_architectural","MAT_ASPHALT_ARCH","Asphalt Shingle - Architectural","asphalt","exact_bucket","approved_exact","high","no","Productivity parameters are complete but provisional ASSUMPTION_V1 values."
"LAB-MAT-003","roof_material","canonical_to_source","labor_productivity","Data/Labor/Productivity/roof_labor_productivity_parameters.csv","roof_type","asphalt_premium_architectural","asphalt_premium_architectural","MAT_ASPHALT_PREMIUM_ARCH","Asphalt Shingle - Premium Architectural","asphalt","exact_bucket","approved_exact","high","no","Productivity parameters are complete but provisional ASSUMPTION_V1 values."
"LAB-MAT-004","roof_material","canonical_to_source","labor_productivity","Data/Labor/Productivity/roof_labor_productivity_parameters.csv","roof_type","metal_corrugated_panel","metal_corrugated_panel","MAT_METAL_CORRUGATED","Metal Roofing - Corrugated Panel","metal","exact_bucket","approved_exact","high","no","Productivity parameters are complete but provisional ASSUMPTION_V1 values."
"LAB-MAT-005","roof_material","canonical_to_source","labor_productivity","Data/Labor/Productivity/roof_labor_productivity_parameters.csv","roof_type","metal_roof_tile","metal_roof_tile","MAT_METAL_ROOF_TILE","Metal Roofing - Tile or Shingle Form","metal","exact_bucket","approved_exact","high","no","Physical form requires confirmation before sharing a steel EOL bucket."
"LAB-MAT-006","roof_material","canonical_to_source","labor_productivity","Data/Labor/Productivity/roof_labor_productivity_parameters.csv","roof_type","metal_standing_seam","metal_standing_seam","MAT_METAL_STANDING_SEAM","Metal Roofing - Standing Seam","metal","exact_bucket","approved_exact","high","no","Productivity parameters are complete but provisional ASSUMPTION_V1 values."
"LAB-MAT-007","roof_material","canonical_to_source","labor_productivity","Data/Labor/Productivity/roof_labor_productivity_parameters.csv","roof_type","slate","slate","MAT_SLATE","Slate Roofing","mineral","exact_bucket","approved_exact","high","no","Productivity parameters are complete but provisional ASSUMPTION_V1 values."
"LAB-MAT-008","roof_material","canonical_to_source","labor_productivity","Data/Labor/Productivity/roof_labor_productivity_parameters.csv","roof_type","tile_clay","tile_clay","MAT_TILE_CLAY","Clay Tile","tile","exact_bucket","approved_exact","high","no","Productivity parameters are complete but provisional ASSUMPTION_V1 values."
"LAB-MAT-009","roof_material","canonical_to_source","labor_productivity","Data/Labor/Productivity/roof_labor_productivity_parameters.csv","roof_type","tile_concrete","tile_concrete","MAT_TILE_CONCRETE","Concrete Tile","tile","exact_bucket","approved_exact","high","no","Productivity parameters are complete but provisional ASSUMPTION_V1 values."
"LAB-MAT-010","roof_material","canonical_to_source","labor_productivity","Data/Labor/Productivity/roof_labor_productivity_parameters.csv","roof_type","tile_unspecified","tile_unspecified","MAT_TILE_UNSPECIFIED","Roof Tile - Unspecified","tile","group_only","requires_detail","high","yes","Clay versus concrete must be resolved for mass, carbon, service life, and escalation."
"LAB-MAT-011","roof_material","canonical_to_source","labor_productivity","Data/Labor/Productivity/roof_labor_productivity_parameters.csv","roof_type","wood_shake_shingle","wood_shake_shingle","MAT_WOOD_SHAKE","Wood Shake or Shingle","wood","exact_bucket","approved_exact","high","no","Productivity parameters are complete but provisional ASSUMPTION_V1 values."
"LAB-MAT-012","roof_material","canonical_to_source","labor_productivity","Data/Labor/Productivity/roof_labor_productivity_parameters.csv","roof_type","asphalt_premium_architectural","asphalt_premium_architectural","MAT_ASPHALT_IMPACT_CLASS4","Asphalt Shingle - Impact-Resistant Class 4","asphalt","model_proxy","approved_interim_proxy","low","no","Use premium-architectural labor hours for Class 4 asphalt and flag the proxy; source parameters remain provisional ASSUMPTION_V1."
"MAS-MAT-001","roof_material","canonical_to_source","material_mass","Data/Material_Mass/roofing_lbs.csv","asset_class","3-Tab Asphalt Shingles","3_tab_asphalt_shingles","MAT_ASPHALT_3TAB","Asphalt Shingle - 3-Tab","asphalt","exact_bucket","approved_exact","high","no","175 lb per roofing square; source service life 17.5 years."
"MAS-MAT-002","roof_material","canonical_to_source","material_mass","Data/Material_Mass/roofing_lbs.csv","asset_class","Architectural Asphalt Shingles","architectural_asphalt_shingles","MAT_ASPHALT_ARCH","Asphalt Shingle - Architectural","asphalt","exact_bucket","approved_exact","high","no","250 lb per roofing square; source service life 27.5 years."
"MAS-MAT-003","roof_material","canonical_to_source","material_mass","Data/Material_Mass/roofing_lbs.csv","asset_class","Impact-Resistant (Class 4) Shingles","impact_resistant_class_4_shingles","MAT_ASPHALT_IMPACT_CLASS4","Asphalt Shingle - Impact-Resistant Class 4","asphalt","exact_bucket","approved_exact","high","no","290 lb per roofing square; source service life 30 years."
"MAS-MAT-004","roof_material","canonical_to_source","material_mass","Data/Material_Mass/roofing_lbs.csv","asset_class","Metal Roofing","metal_roofing","MAT_METAL_CORRUGATED","Metal Roofing - Corrugated Panel","metal","shared_bucket","approved_shared_bucket","medium","no","Use the generic 110 lb/square mass and 55-year physical life; flag the shared source bucket."
"MAS-MAT-005","roof_material","canonical_to_source","material_mass","Data/Material_Mass/roofing_lbs.csv","asset_class","Metal Roofing","metal_roofing","MAT_METAL_STANDING_SEAM","Metal Roofing - Standing Seam","metal","shared_bucket","approved_shared_bucket","medium","no","Use the generic 110 lb/square mass and 55-year physical life; flag the shared source bucket."
"MAS-MAT-006","roof_material","canonical_to_source","material_mass","Data/Material_Mass/roofing_lbs.csv","asset_class","Metal Roofing","metal_roofing","MAT_METAL_ROOF_TILE","Metal Roofing - Tile or Shingle Form","metal","shared_bucket","approved_shared_bucket","low","no","Use the generic 110 lb/square mass and 55-year physical life; flag the low-confidence shared source bucket."
"MAS-MAT-007","roof_material","canonical_to_source","material_mass","Data/Material_Mass/roofing_lbs.csv","asset_class","Clay Tile","clay_tile","MAT_TILE_CLAY","Clay Tile","tile","exact_bucket","approved_exact","high","no","800 lb per roofing square; source service life 75 years."
"MAS-MAT-008","roof_material","canonical_to_source","material_mass","Data/Material_Mass/roofing_lbs.csv","asset_class","Concrete Tile","concrete_tile","MAT_TILE_CONCRETE","Concrete Tile","tile","exact_bucket","approved_exact","high","no","900 lb per roofing square; source service life 45 years."
"MAS-MAT-009","roof_material","canonical_to_source","material_mass","Data/Material_Mass/roofing_lbs.csv","asset_class","Slate Roofing","slate_roofing","MAT_SLATE","Slate Roofing","mineral","exact_bucket","approved_exact","high","no","1150 lb per roofing square; source service life 112.5 years."
"MAS-MAT-010","roof_material","canonical_to_source","material_mass","Data/Material_Mass/roofing_lbs.csv","asset_class","Architectural Asphalt Shingles","architectural_asphalt_shingles","MAT_ASPHALT_PREMIUM_ARCH","Asphalt Shingle - Premium Architectural","asphalt","shared_bucket","approved_shared_bucket","medium","no","Use architectural asphalt's 250 lb/square mass and 27.5-year physical life; flag the shared source bucket."
"MAS-OVR-001","roof_material_override","canonical_to_source","material_mass","User input override","canonical_id","MAT_WOOD_SHAKE","mat_wood_shake","USER_MASS_AND_EUL_OVERRIDE","User-Supplied Mass and EUL","override","required_override","approved_policy","high","no","Wood shake/shingle requires user mass and EUL before mass-, disposal-, carbon-, or life-dependent calculations."
"EOL-MAT-001","roof_material","canonical_to_source","carbon_eol","Data/Carbon/roofing_eol_emission_factors.csv","Roofing Material Type","Asphalt Shingles (3-tab/architectural)","asphalt_shingles_3_tab_architectural","MAT_ASPHALT_3TAB","Asphalt Shingle - 3-Tab","asphalt","shared_bucket","approved_shared_bucket","high","no","Carbon source intentionally combines 3-tab and architectural shingles."
"EOL-MAT-002","roof_material","canonical_to_source","carbon_eol","Data/Carbon/roofing_eol_emission_factors.csv","Roofing Material Type","Asphalt Shingles (3-tab/architectural)","asphalt_shingles_3_tab_architectural","MAT_ASPHALT_ARCH","Asphalt Shingle - Architectural","asphalt","shared_bucket","approved_shared_bucket","high","no","Carbon source intentionally combines 3-tab and architectural shingles."
"EOL-MAT-003","roof_material","canonical_to_source","carbon_eol","Data/Carbon/roofing_eol_emission_factors.csv","Roofing Material Type","Asphalt Shingles (3-tab/architectural)","asphalt_shingles_3_tab_architectural","MAT_ASPHALT_PREMIUM_ARCH","Asphalt Shingle - Premium Architectural","asphalt","candidate_shared_bucket","provisional_shared_bucket","medium","yes","Confirm premium architectural products can use the combined asphalt EOL factor."
"EOL-MAT-004","roof_material","canonical_to_source","carbon_eol","Data/Carbon/roofing_eol_emission_factors.csv","Roofing Material Type","Asphalt Shingles (3-tab/architectural)","asphalt_shingles_3_tab_architectural","MAT_ASPHALT_IMPACT_CLASS4","Asphalt Shingle - Impact-Resistant Class 4","asphalt","candidate_shared_bucket","unresolved_candidate","low","yes","Impact-resistant composition is not explicitly covered by the combined source label."
"EOL-MAT-005","roof_material","canonical_to_source","carbon_eol","Data/Carbon/roofing_eol_emission_factors.csv","Roofing Material Type","Built-up Roofing (BUR) / Modified Bitumen","built_up_roofing_bur_modified_bitumen","MAT_BUR_MOD_BIT","Built-Up Roofing or Modified Bitumen","bituminous_membrane","exact_bucket","approved_exact","high","no","No matching current price, mass, escalation, or labor bucket."
"EOL-MAT-006","roof_material","canonical_to_source","carbon_eol","Data/Carbon/roofing_eol_emission_factors.csv","Roofing Material Type","Clay Tile","clay_tile","MAT_TILE_CLAY","Clay Tile","tile","exact_bucket","approved_exact","high","no","Recycling factor is missing in the source."
"EOL-MAT-007","roof_material","canonical_to_source","carbon_eol","Data/Carbon/roofing_eol_emission_factors.csv","Roofing Material Type","Concrete Tile","concrete_tile","MAT_TILE_CONCRETE","Concrete Tile","tile","exact_bucket","approved_exact","high","no","Exact physical category."
"EOL-MAT-008","roof_material","canonical_to_source","carbon_eol","Data/Carbon/roofing_eol_emission_factors.csv","Roofing Material Type","Slate","slate","MAT_SLATE","Slate Roofing","mineral","exact_bucket","approved_exact","high","no","Exact physical category with a concrete proxy factor."
"EOL-MAT-009","roof_material","canonical_to_source","carbon_eol","Data/Carbon/roofing_eol_emission_factors.csv","Roofing Material Type","Steel Roofing (standing seam/corrugated/metal shingle)","steel_roofing_standing_seam_corrugated_metal_shingle","MAT_METAL_CORRUGATED","Metal Roofing - Corrugated Panel","metal","shared_bucket","provisional_shared_bucket","medium","yes","Confirm that the priced corrugated products are steel rather than another metal."
"EOL-MAT-010","roof_material","canonical_to_source","carbon_eol","Data/Carbon/roofing_eol_emission_factors.csv","Roofing Material Type","Steel Roofing (standing seam/corrugated/metal shingle)","steel_roofing_standing_seam_corrugated_metal_shingle","MAT_METAL_STANDING_SEAM","Metal Roofing - Standing Seam","metal","shared_bucket","provisional_shared_bucket","medium","yes","Confirm standing-seam composition before using the steel proxy."
"EOL-MAT-011","roof_material","canonical_to_source","carbon_eol","Data/Carbon/roofing_eol_emission_factors.csv","Roofing Material Type","Steel Roofing (standing seam/corrugated/metal shingle)","steel_roofing_standing_seam_corrugated_metal_shingle","MAT_METAL_ROOF_TILE","Metal Roofing - Tile or Shingle Form","metal","shared_bucket","provisional_shared_bucket","low","yes","Confirm metal-roof-tile form and composition match the carbon bucket."
"EOL-MAT-012","roof_material","canonical_to_source","carbon_eol","Data/Carbon/roofing_eol_emission_factors.csv","Roofing Material Type","Aluminum Roofing/Flashing","aluminum_roofing_flashing","MAT_ALUMINUM","Aluminum Roofing","metal","exact_bucket","approved_exact","high","no","No matching current price, mass, escalation, or labor bucket."
"EOL-MAT-013","roof_material","canonical_to_source","carbon_eol","Data/Carbon/roofing_eol_emission_factors.csv","Roofing Material Type","Copper Roofing/Flashing","copper_roofing_flashing","MAT_COPPER","Copper Roofing","metal","exact_bucket","approved_exact","high","no","No matching current price, mass, escalation, or labor bucket."
"EOL-MAT-014","roof_material","canonical_to_source","carbon_eol","Data/Carbon/roofing_eol_emission_factors.csv","Roofing Material Type","Wood Shakes/Shingles","wood_shakes_shingles","MAT_WOOD_SHAKE","Wood Shake or Shingle","wood","exact_bucket","approved_exact","high","no","Recycling factor is missing in the source."
"EOL-MAT-015","roof_material","canonical_to_source","carbon_eol","Data/Carbon/roofing_eol_emission_factors.csv","Roofing Material Type","TPO Membrane","tpo_membrane","MAT_TPO","TPO Membrane","single_ply_membrane","exact_bucket","approved_exact","high","no","Both landfill and recycling factors are missing in the source."
"EOL-MAT-016","roof_material","canonical_to_source","carbon_eol","Data/Carbon/roofing_eol_emission_factors.csv","Roofing Material Type","EPDM Rubber Membrane","epdm_rubber_membrane","MAT_EPDM","EPDM Membrane","single_ply_membrane","exact_bucket","approved_exact","high","no","No matching current price, mass, escalation, or labor bucket."
"EOL-MAT-017","roof_material","canonical_to_source","carbon_eol","Data/Carbon/roofing_eol_emission_factors.csv","Roofing Material Type","PVC Single-ply Membrane","pvc_single_ply_membrane","MAT_PVC","PVC Membrane","single_ply_membrane","exact_bucket","approved_exact","high","no","Recycling factor is missing in the source."
"EOL-FBK-001","eol_factor_fallback","canonical_to_source","carbon_eol","Data/Carbon/roofing_eol_emission_factors.csv","material|pathway","Clay Tile|recycling","clay_tile_recycling","EOL_SAME_MATERIAL_LANDFILL","Same-Material Landfill Factor","eol_pathway","fallback_factor","approved_fallback","medium","no","When recycling is selected, use Clay Tile's landfill factor and flag the pathway substitution."
"EOL-FBK-002","eol_factor_fallback","canonical_to_source","carbon_eol","Data/Carbon/roofing_eol_emission_factors.csv","material|pathway","Wood Shakes/Shingles|recycling","wood_shakes_shingles_recycling","EOL_SAME_MATERIAL_LANDFILL","Same-Material Landfill Factor","eol_pathway","fallback_factor","approved_fallback","medium","no","When recycling is selected, use Wood Shakes/Shingles' landfill factor and flag the pathway substitution."
"EOL-FBK-003","eol_factor_fallback","canonical_to_source","carbon_eol","Data/Carbon/roofing_eol_emission_factors.csv","material|pathway","PVC Single-ply Membrane|recycling","pvc_single_ply_membrane_recycling","EOL_SAME_MATERIAL_LANDFILL","Same-Material Landfill Factor","eol_pathway","fallback_factor","approved_fallback","medium","no","When recycling is selected, use PVC's landfill factor and flag the pathway substitution."
"EOL-FBK-004","eol_factor_fallback","canonical_to_source","carbon_eol","Data/Carbon/roofing_eol_emission_factors.csv","material|pathway","TPO Membrane|recycling","tpo_membrane_recycling","USER_EOL_FACTOR_OVERRIDE","User-Supplied EOL Factor","override","required_override","approved_policy","high","no","The recycling-to-landfill fallback cannot resolve TPO because its landfill factor is also missing."
"EOL-FBK-005","eol_factor_fallback","canonical_to_source","carbon_eol","Data/Carbon/roofing_eol_emission_factors.csv","material|pathway","TPO Membrane|landfill","tpo_membrane_landfill","USER_EOL_FACTOR_OVERRIDE","User-Supplied EOL Factor","override","required_override","approved_policy","high","no","Require a user factor when carbon is enabled for TPO."
"EOL-CMP-001","roof_component","canonical_to_source","carbon_eol","Data/Carbon/roofing_eol_emission_factors.csv","Roofing Material Type","Fiberglass Shingle Mat/Insulation","fiberglass_shingle_mat_insulation","COMP_FIBERGLASS_SHINGLE_MAT","Fiberglass Shingle Mat or Insulation","component","ignored_component","ignored_out_of_scope","high","no","Retain the raw carbon row for provenance but exclude it from roof options and current calculations."
"EOL-CMP-002","roof_component","canonical_to_source","carbon_eol","Data/Carbon/roofing_eol_emission_factors.csv","Roofing Material Type","Gypsum Roof Cover Board","gypsum_roof_cover_board","COMP_GYPSUM_COVER_BOARD","Gypsum Roof Cover Board","component","ignored_component","ignored_out_of_scope","high","no","Retain the raw carbon row for provenance but exclude it from roof options and current calculations."
"FRG-MAT-001","roof_material_to_fragility_proxy","canonical_to_source","fragility_hazus","Data/Fragility_Curves/iecc2021/**/curves_hu.parquet; Data/Fragility_Curves/roof_eul_rul_defaults.csv","building_type|material_id","WSF1","wsf1","MAT_ASPHALT_3TAB","Asphalt Shingle - 3-Tab","asphalt","model_proxy","approved_interim_proxy","low","no","Active V1 assumption: use WSF1 curves, preserve the asphalt material ID, and flag the proxy in every affected result; WSF1 EUL does not control burnout."
"FRG-MAT-002","roof_material_to_fragility_proxy","canonical_to_source","fragility_hazus","Data/Fragility_Curves/iecc2021/**/curves_hu.parquet; Data/Fragility_Curves/roof_eul_rul_defaults.csv","building_type|material_id","WSF1","wsf1","MAT_ASPHALT_ARCH","Asphalt Shingle - Architectural","asphalt","model_proxy","approved_interim_proxy","low","no","Active V1 assumption: use WSF1 curves, preserve the asphalt material ID, and flag the proxy in every affected result; WSF1 EUL does not control burnout."
"FRG-MAT-003","roof_material_to_fragility_proxy","canonical_to_source","fragility_hazus","Data/Fragility_Curves/iecc2021/**/curves_hu.parquet; Data/Fragility_Curves/roof_eul_rul_defaults.csv","building_type|material_id","WSF1","wsf1","MAT_ASPHALT_PREMIUM_ARCH","Asphalt Shingle - Premium Architectural","asphalt","model_proxy","approved_interim_proxy","low","no","Active V1 assumption: use WSF1 curves, preserve the asphalt material ID, and flag the proxy in every affected result; WSF1 EUL does not control burnout."
"FRG-MAT-004","roof_material_to_fragility_proxy","canonical_to_source","fragility_hazus","Data/Fragility_Curves/iecc2021/**/curves_hu.parquet; Data/Fragility_Curves/roof_eul_rul_defaults.csv","building_type|material_id","WSF1","wsf1","MAT_ASPHALT_IMPACT_CLASS4","Asphalt Shingle - Impact-Resistant Class 4","asphalt","model_proxy","approved_interim_proxy","low","no","Active V1 assumption: use WSF1 curves, preserve the asphalt material ID, and flag the proxy in every affected result; WSF1 EUL does not control burnout."
"FRG-MAT-005","roof_material_to_fragility_proxy","canonical_to_source","fragility_hazus","Data/Fragility_Curves/iecc2021/**/curves_hu.parquet; Data/Fragility_Curves/roof_eul_rul_defaults.csv","building_type|material_id","SERBL","serbl","MAT_METAL_CORRUGATED","Metal Roofing - Corrugated Panel","metal","model_proxy","approved_interim_proxy","low","no","Active V1 assumption: use SERBL steel-engineered-residential-building curves while preserving physical metal identity; SERBL EUL does not control physical burnout."
"FRG-MAT-006","roof_material_to_fragility_proxy","canonical_to_source","fragility_hazus","Data/Fragility_Curves/iecc2021/**/curves_hu.parquet; Data/Fragility_Curves/roof_eul_rul_defaults.csv","building_type|material_id","SERBL","serbl","MAT_METAL_STANDING_SEAM","Metal Roofing - Standing Seam","metal","model_proxy","approved_interim_proxy","low","no","Active V1 assumption: use SERBL steel-engineered-residential-building curves while preserving physical metal identity; SERBL EUL does not control physical burnout."
"FRG-MAT-007","roof_material_to_fragility_proxy","canonical_to_source","fragility_hazus","Data/Fragility_Curves/iecc2021/**/curves_hu.parquet; Data/Fragility_Curves/roof_eul_rul_defaults.csv","building_type|material_id","SERBL","serbl","MAT_METAL_ROOF_TILE","Metal Roofing - Tile or Shingle Form","metal","model_proxy","approved_interim_proxy","low","no","Active V1 assumption: use SERBL steel-engineered-residential-building curves while preserving physical metal identity; SERBL EUL does not control physical burnout."
"FRG-MAT-008","roof_material_to_fragility_proxy","canonical_to_source","fragility_hazus","Data/Fragility_Curves/iecc2021/**/curves_hu.parquet; Data/Fragility_Curves/roof_eul_rul_defaults.csv","building_type|material_id","MSF1","msf1","MAT_TILE_CLAY","Clay Tile","tile","model_proxy","approved_interim_proxy","low","no","Active V1 assumption: use MSF1 masonry-class curves while preserving physical clay-tile identity; MERBL remains excluded and MSF1 EUL does not control physical burnout."
"FRG-MAT-009","roof_material_to_fragility_proxy","canonical_to_source","fragility_hazus","Data/Fragility_Curves/iecc2021/**/curves_hu.parquet; Data/Fragility_Curves/roof_eul_rul_defaults.csv","building_type|material_id","MSF1","msf1","MAT_TILE_CONCRETE","Concrete Tile","tile","model_proxy","approved_interim_proxy","low","no","Active V1 assumption: use MSF1 masonry-class curves while preserving physical concrete-tile identity; MERBL remains excluded and MSF1 EUL does not control physical burnout."
"ALS-MAT-001","roof_material","source_to_canonical","proposed_asset_aliases","Future asset uploads","current_roof_type|subtype","3 tab","3_tab","MAT_ASPHALT_3TAB","Asphalt Shingle - 3-Tab","asphalt","lexical_alias","proposed_alias","medium","yes","Proposed common alias; approve during source review."
"ALS-MAT-002","roof_material","source_to_canonical","proposed_asset_aliases","Future asset uploads","current_roof_type|subtype","3-tab shingle","3_tab_shingle","MAT_ASPHALT_3TAB","Asphalt Shingle - 3-Tab","asphalt","lexical_alias","proposed_alias","medium","yes","Proposed common alias; approve during source review."
"ALS-MAT-003","roof_material","source_to_canonical","proposed_asset_aliases","Future asset uploads","current_roof_type|subtype","three tab asphalt shingles","three_tab_asphalt_shingles","MAT_ASPHALT_3TAB","Asphalt Shingle - 3-Tab","asphalt","lexical_alias","proposed_alias","medium","yes","Proposed common alias; approve during source review."
"ALS-MAT-004","roof_material","source_to_canonical","proposed_asset_aliases","Future asset uploads","current_roof_type|subtype","architectural shingle","architectural_shingle","MAT_ASPHALT_ARCH","Asphalt Shingle - Architectural","asphalt","lexical_alias","proposed_alias","medium","yes","Proposed common alias; approve during source review."
"ALS-MAT-005","roof_material","source_to_canonical","proposed_asset_aliases","Future asset uploads","current_roof_type|subtype","dimensional shingle","dimensional_shingle","MAT_ASPHALT_ARCH","Asphalt Shingle - Architectural","asphalt","lexical_alias","proposed_alias","low","yes","Confirm whether dimensional and architectural are interchangeable for CADENCE."
"ALS-MAT-006","roof_material","source_to_canonical","proposed_asset_aliases","Future asset uploads","current_roof_type|subtype","premium architectural shingle","premium_architectural_shingle","MAT_ASPHALT_PREMIUM_ARCH","Asphalt Shingle - Premium Architectural","asphalt","lexical_alias","proposed_alias","medium","yes","Proposed common alias; approve during source review."
"ALS-MAT-007","roof_material","source_to_canonical","proposed_asset_aliases","Future asset uploads","current_roof_type|subtype","class 4 shingle","class_4_shingle","MAT_ASPHALT_IMPACT_CLASS4","Asphalt Shingle - Impact-Resistant Class 4","asphalt","lexical_alias","proposed_alias","medium","yes","Class 4 is a performance classification; confirm accepted material scope."
"ALS-MAT-008","roof_material","source_to_canonical","proposed_asset_aliases","Future asset uploads","current_roof_type|subtype","impact resistant shingle","impact_resistant_shingle","MAT_ASPHALT_IMPACT_CLASS4","Asphalt Shingle - Impact-Resistant Class 4","asphalt","lexical_alias","proposed_alias","medium","yes","Confirm Class 4 requirement rather than any impact-resistant marketing label."
"ALS-MAT-009","roof_material","source_to_canonical","proposed_asset_aliases","Future asset uploads","current_roof_type|subtype","asphalt shingle","asphalt_shingle","MAT_ASPHALT_ARCH","Asphalt Shingle - Architectural","asphalt","explicit_default","proposed_alias","medium","yes","If this alias is accepted, apply the approved generic-asphalt default and set a default-applied flag."
"ALS-MAT-010","roof_material","source_to_canonical","proposed_asset_aliases","Future asset uploads","current_roof_type|subtype","composition shingle","composition_shingle","MAT_ASPHALT_ARCH","Asphalt Shingle - Architectural","asphalt","explicit_default","proposed_alias","low","yes","Confirm this proposed alias; if accepted, apply the approved generic-asphalt default."
"ALS-MAT-011","roof_material","source_to_canonical","proposed_asset_aliases","Future asset uploads","current_roof_type|subtype","corrugated metal roof","corrugated_metal_roof","MAT_METAL_CORRUGATED","Metal Roofing - Corrugated Panel","metal","lexical_alias","proposed_alias","medium","yes","Confirm source products are within the priced corrugated-panel bucket."
"ALS-MAT-012","roof_material","source_to_canonical","proposed_asset_aliases","Future asset uploads","current_roof_type|subtype","standing seam metal","standing_seam_metal","MAT_METAL_STANDING_SEAM","Metal Roofing - Standing Seam","metal","lexical_alias","proposed_alias","medium","yes","Proposed common alias; approve during source review."
"ALS-MAT-013","roof_material","source_to_canonical","proposed_asset_aliases","Future asset uploads","current_roof_type|subtype","metal shingle","metal_shingle","MAT_METAL_ROOF_TILE","Metal Roofing - Tile or Shingle Form","metal","lexical_alias","proposed_alias","low","yes","Confirm metal shingle and labor bucket metal_roof_tile are equivalent."
"ALS-MAT-014","roof_material","source_to_canonical","proposed_asset_aliases","Future asset uploads","current_roof_type|subtype","metal roof","metal_roof","MAT_METAL_CORRUGATED","Metal Roofing - Corrugated Panel","metal","explicit_default","proposed_alias","medium","yes","If this alias is accepted, apply the approved generic-metal default and set a default-applied flag."
"ALS-MAT-015","roof_material","source_to_canonical","proposed_asset_aliases","Future asset uploads","current_roof_type|subtype","clay roof tile","clay_roof_tile","MAT_TILE_CLAY","Clay Tile","tile","lexical_alias","proposed_alias","medium","yes","Proposed common alias; approve during source review."
"ALS-MAT-016","roof_material","source_to_canonical","proposed_asset_aliases","Future asset uploads","current_roof_type|subtype","concrete roof tile","concrete_roof_tile","MAT_TILE_CONCRETE","Concrete Tile","tile","lexical_alias","proposed_alias","medium","yes","Proposed common alias; approve during source review."
"ALS-MAT-017","roof_material","source_to_canonical","proposed_asset_aliases","Future asset uploads","current_roof_type|subtype","roof tile","roof_tile","MAT_TILE_CONCRETE","Concrete Tile","tile","explicit_default","proposed_alias","medium","yes","If this alias is accepted, apply the approved generic-tile default and set a default-applied flag."
"DEF-MAT-001","roof_material_default","source_to_canonical","ingestion_default_policy","CADENCE mapping policy","generic_material_id","MAT_ASPHALT_UNSPECIFIED","mat_asphalt_unspecified","MAT_ASPHALT_ARCH","Asphalt Shingle - Architectural","asphalt","explicit_default","approved_default","high","no","Resolve generic asphalt to architectural asphalt and preserve a default-applied provenance flag."
"DEF-MAT-002","roof_material_default","source_to_canonical","ingestion_default_policy","CADENCE mapping policy","generic_material_id","MAT_METAL_UNSPECIFIED","mat_metal_unspecified","MAT_METAL_CORRUGATED","Metal Roofing - Corrugated Panel","metal","explicit_default","approved_default","high","no","Resolve generic metal to corrugated panel and preserve a default-applied provenance flag."
"DEF-MAT-003","roof_material_default","source_to_canonical","ingestion_default_policy","CADENCE mapping policy","generic_material_id","MAT_TILE_UNSPECIFIED","mat_tile_unspecified","MAT_TILE_CONCRETE","Concrete Tile","tile","explicit_default","approved_default","high","no","Resolve generic tile to concrete tile and preserve a default-applied provenance flag."
"ALS-MAT-018","roof_material","source_to_canonical","proposed_asset_aliases","Future asset uploads","current_roof_type|subtype","slate roof","slate_roof","MAT_SLATE","Slate Roofing","mineral","lexical_alias","proposed_alias","medium","yes","Proposed common alias; approve during source review."
"ALS-MAT-019","roof_material","source_to_canonical","proposed_asset_aliases","Future asset uploads","current_roof_type|subtype","wood shake","wood_shake","MAT_WOOD_SHAKE","Wood Shake or Shingle","wood","lexical_alias","proposed_alias","medium","yes","Proposed common alias; approve during source review."
"ALS-MAT-020","roof_material","source_to_canonical","proposed_asset_aliases","Future asset uploads","current_roof_type|subtype","wood shingle","wood_shingle","MAT_WOOD_SHAKE","Wood Shake or Shingle","wood","candidate_shared_bucket","proposed_alias","low","yes","Confirm whether shakes and shingles may share all current buckets."
"ALS-MAT-021","roof_material","source_to_canonical","proposed_asset_aliases","Future asset uploads","current_roof_type|subtype","built up roof","built_up_roof","MAT_BUR_MOD_BIT","Built-Up Roofing or Modified Bitumen","bituminous_membrane","lexical_alias","proposed_alias","medium","yes","Confirm whether BUR and modified bitumen remain one canonical bucket."
"ALS-MAT-022","roof_material","source_to_canonical","proposed_asset_aliases","Future asset uploads","current_roof_type|subtype","modified bitumen","modified_bitumen","MAT_BUR_MOD_BIT","Built-Up Roofing or Modified Bitumen","bituminous_membrane","candidate_shared_bucket","proposed_alias","low","yes","The carbon source combines BUR and modified bitumen; other sources may need separate physical IDs."
"ALS-MAT-023","roof_material","source_to_canonical","proposed_asset_aliases","Future asset uploads","current_roof_type|subtype","tpo","tpo","MAT_TPO","TPO Membrane","single_ply_membrane","lexical_alias","proposed_alias","medium","yes","Proposed common alias; current EOL factors are missing."
"ALS-MAT-024","roof_material","source_to_canonical","proposed_asset_aliases","Future asset uploads","current_roof_type|subtype","epdm","epdm","MAT_EPDM","EPDM Membrane","single_ply_membrane","lexical_alias","proposed_alias","medium","yes","Proposed common alias; approve during source review."
"ALS-MAT-025","roof_material","source_to_canonical","proposed_asset_aliases","Future asset uploads","current_roof_type|subtype","pvc roof membrane","pvc_roof_membrane","MAT_PVC","PVC Membrane","single_ply_membrane","lexical_alias","proposed_alias","medium","yes","Proposed common alias; recycling factor is missing."
"ALS-MAT-026","roof_material","source_to_canonical","proposed_asset_aliases","Future asset uploads","current_roof_type|subtype","aluminum roof","aluminum_roof","MAT_ALUMINUM","Aluminum Roofing","metal","lexical_alias","proposed_alias","medium","yes","No current price, mass, escalation, labor, or fragility bucket."
"ALS-MAT-027","roof_material","source_to_canonical","proposed_asset_aliases","Future asset uploads","current_roof_type|subtype","copper roof","copper_roof","MAT_COPPER","Copper Roofing","metal","lexical_alias","proposed_alias","medium","yes","No current price, mass, escalation, labor, or fragility bucket."