"rule_version","data_domain","official_class_id","value_column","group_by_columns","aggregation_method","missing_member_policy","empty_class_policy","output_status","notes"
"v1.0.0","material_price","OFFICIAL_ASPHALT","median_price_per_square","scrape_date|retailer|geography_level|geography_id","arithmetic_mean_available_members","skip_and_flag","require_user_class_override","active","Current national result averages 3-tab and architectural; premium is flagged missing until a price is supplied."
"v1.0.0","material_price","OFFICIAL_METAL","median_price_per_square","scrape_date|retailer|geography_level|geography_id","arithmetic_mean_available_members","skip_and_flag","require_user_class_override","active","Current result uses corrugated alone; standing seam and metal tile are flagged missing. Apply ZIP to CBSA to state to national fallback before consolidation."
"v1.0.0","material_price","OFFICIAL_TILE","median_price_per_square","scrape_date|retailer|geography_level|geography_id","arithmetic_mean_available_members","skip_and_flag","require_user_class_override","blocked_without_override","No observed clay or concrete price exists; a class-level user override is required."
"v1.0.0","material_escalation","OFFICIAL_ASPHALT","annual_escalation_factor","projection_year_or_source_period","arithmetic_mean_available_members","skip_and_flag","error","active","Average 3-tab, architectural, and premium architectural factors; derive the annualized rate from the consolidated factor."
"v1.0.0","material_escalation","OFFICIAL_METAL","annual_escalation_factor","projection_year_or_source_period","arithmetic_mean_available_members","skip_and_flag","error","active_with_gap","Average corrugated and standing-seam factors; flag metal tile as missing."
"v1.0.0","material_escalation","OFFICIAL_TILE","annual_escalation_factor","projection_year_or_source_period","arithmetic_mean_available_members","skip_and_flag","error","active","Average clay- and concrete-proxy factors and retain both proxy provenance records."
"v1.0.0","labor_productivity","OFFICIAL_ASPHALT","roof_type_base_person_hours_per_sqft","roof_shape|roof_deck_attachment|roof_wall_connection|size_bucket|occupation_code","arithmetic_mean_available_members","skip_and_flag","error","active_provisional","Average only rows with identical scenario and occupation keys; all current parameters remain provisional ASSUMPTION_V1."
"v1.0.0","labor_productivity","OFFICIAL_METAL","roof_type_base_person_hours_per_sqft","roof_shape|roof_deck_attachment|roof_wall_connection|size_bucket|occupation_code","arithmetic_mean_available_members","skip_and_flag","error","active_provisional","Average only rows with identical scenario and occupation keys; all three core metal forms are present."
"v1.0.0","labor_productivity","OFFICIAL_TILE","roof_type_base_person_hours_per_sqft","roof_shape|roof_deck_attachment|roof_wall_connection|size_bucket|occupation_code","arithmetic_mean_available_members","skip_and_flag","error","active_provisional","Average clay and concrete only; do not include tile_unspecified as an additional member."
"v1.0.0","material_mass","OFFICIAL_ASPHALT","weight_per_square_lbs","none","arithmetic_mean_resolved_members","error","error","active_with_shared_value","Average 3-tab, architectural, and premium architectural; resolve premium to the approved architectural shared value before averaging. Derive weight_per_sqft_lbs by dividing by 100."
"v1.0.0","material_mass","OFFICIAL_METAL","weight_per_square_lbs","none","arithmetic_mean_resolved_members","error","error","active_with_shared_value","Resolve all three core metal forms to the approved generic-metal mass before averaging."
"v1.0.0","material_mass","OFFICIAL_TILE","weight_per_square_lbs","none","arithmetic_mean_resolved_members","error","error","active","Average clay and concrete tile."
"v1.0.0","physical_service_life","OFFICIAL_ASPHALT","typical_service_life_years","none","arithmetic_mean_resolved_members","error","error","active_with_shared_value","Average 3-tab, architectural, and premium architectural; premium uses the approved architectural life. User-entered EUL still takes precedence at asset level."
"v1.0.0","physical_service_life","OFFICIAL_METAL","typical_service_life_years","none","arithmetic_mean_resolved_members","error","error","active_with_shared_value","Resolve all three core metal forms to the approved 55-year generic-metal life before averaging."
"v1.0.0","physical_service_life","OFFICIAL_TILE","typical_service_life_years","none","arithmetic_mean_resolved_members","error","error","active","Average clay and concrete physical service life; HAZUS EUL is not an input to this average."
"v1.0.0","carbon_eol_landfill","OFFICIAL_ASPHALT","Landfilling EF (kg CO2e/lb)","eol_pathway","arithmetic_mean_resolved_members","error","error","active_with_shared_value","Resolve all three core asphalt members to the approved combined asphalt source bucket and retain shared-bucket provenance."
"v1.0.0","carbon_eol_landfill","OFFICIAL_METAL","Landfilling EF (kg CO2e/lb)","eol_pathway","arithmetic_mean_resolved_members","error","error","provisional","Resolve core metal forms to the steel shared bucket only after composition approval; until then flag the consolidated value provisional."
"v1.0.0","carbon_eol_landfill","OFFICIAL_TILE","Landfilling EF (kg CO2e/lb)","eol_pathway","arithmetic_mean_resolved_members","error","error","active","Average clay and concrete landfill factors."
"v1.0.0","carbon_eol_recycling","OFFICIAL_ASPHALT","Recycling/Processing EF (kg CO2e/lb)","eol_pathway","arithmetic_mean_resolved_members","error","error","active_with_shared_value","Resolve all three core asphalt members to the approved combined asphalt source bucket and retain shared-bucket provenance."
"v1.0.0","carbon_eol_recycling","OFFICIAL_METAL","Recycling/Processing EF (kg CO2e/lb)","eol_pathway","arithmetic_mean_resolved_members","error","error","provisional","Resolve core metal forms to the steel shared bucket only after composition approval; until then flag the consolidated value provisional."
"v1.0.0","carbon_eol_recycling","OFFICIAL_TILE","Recycling/Processing EF (kg CO2e/lb)","eol_pathway","arithmetic_mean_resolved_members","apply_approved_member_fallback_then_flag","error","active_with_fallback","Apply clay's approved same-material landfill fallback before averaging it with concrete recycling; retain the substitution flag."
"v1.0.0","fragility","OFFICIAL_ASPHALT","fragility_proxy_id","climate_zone|roof_age|terrain_id|damage_type|wind_speed","select_common_approved_proxy_then_equal_average_unresolved_variants_within_terrain","error","error","active_interim_assumption","Use WSF1 once for the official asphalt class; do not average across proxies. Retain all five terrain classes and equal-average unresolved HAZUS construction variants within terrain; preserve proxy, mapping version, low confidence, fragility_proxy_applied=true, and curve_aggregation_method."
"v1.0.0","fragility","OFFICIAL_METAL","fragility_proxy_id","climate_zone|roof_age|terrain_id|damage_type|wind_speed","select_common_approved_proxy_then_equal_average_unresolved_variants_within_terrain","error","error","active_interim_assumption","Use SERBL once for the official metal class; do not average across proxies. Retain all five terrain classes and equal-average unresolved HAZUS construction variants within terrain; preserve physical metal identity, proxy ID, mapping version, low confidence, fragility_proxy_applied=true, and curve_aggregation_method."
"v1.0.0","fragility","OFFICIAL_TILE","fragility_proxy_id","climate_zone|roof_age|terrain_id|damage_type|wind_speed","select_common_approved_proxy_then_equal_average_unresolved_variants_within_terrain","error","error","active_interim_assumption","Use MSF1 once for the official tile class; do not average across proxies. Retain all five terrain classes and equal-average unresolved HAZUS construction variants within terrain; preserve physical tile identity, proxy ID, mapping version, low confidence, fragility_proxy_applied=true, and curve_aggregation_method; MERBL remains excluded."