"canonical_id","canonical_label","canonical_group","observed_user_input","material_price","material_escalation","labor_productivity","material_mass","carbon_eol","fragility_or_eul_proxy","v1_readiness","blocking_gap"
"MAT_ASPHALT_UNSPECIFIED","Asphalt Shingle - Unspecified","asphalt","yes: asphalt defaults to architectural","no","no","no","no","no","active WSF1 after default resolution","input_only_defaulted","Preserve the raw term and set a default-applied flag."
"MAT_ASPHALT_3TAB","Asphalt Shingle - 3-Tab","asphalt","generic asphalt defaults elsewhere","yes","yes","yes: provisional","yes","yes: shared asphalt bucket","active flagged WSF1 proxy","usable_with_assumptions","Labor is provisional and fragility uses a flagged interim proxy."
"MAT_ASPHALT_ARCH","Asphalt Shingle - Architectural","asphalt","generic asphalt default","yes","yes","yes: provisional","yes","yes: shared asphalt bucket","active flagged WSF1 proxy","usable_with_assumptions","Labor is provisional and fragility uses a flagged interim proxy; WSF1 EUL does not control burnout."
"MAT_ASPHALT_PREMIUM_ARCH","Asphalt Shingle - Premium Architectural","asphalt","no","user override required","yes","yes: provisional","architectural shared bucket","candidate shared asphalt bucket","active flagged WSF1 proxy","requires_user_price","Uses approved architectural mass/life; observed price remains missing."
"MAT_ASPHALT_IMPACT_CLASS4","Asphalt Shingle - Impact-Resistant Class 4","asphalt","no","user override required","no","premium architectural proxy: provisional","yes","unresolved candidate","active flagged WSF1 proxy","requires_user_price","Observed price and escalation remain missing; labor and fragility are flagged proxies."
"MAT_METAL_UNSPECIFIED","Metal Roofing - Unspecified","metal","yes: metal defaults to corrugated","no","no","no","generic mass only","composition dependent","active SERBL after default resolution","input_only_defaulted","Preserve the raw term and set a default-applied flag."
"MAT_METAL_CORRUGATED","Metal Roofing - Corrugated Panel","metal","generic metal default","yes: ZIP→CBSA→state→national","yes","yes: provisional","approved generic-metal shared bucket","candidate steel shared bucket","active flagged SERBL proxy","usable_with_assumptions","Generic metal mass/life is approved; Houston falls back through the geographic price chain; fragility uses a flagged interim proxy."
"MAT_METAL_STANDING_SEAM","Metal Roofing - Standing Seam","metal","no","user override required","yes","yes: provisional","approved generic-metal shared bucket","candidate steel shared bucket","active flagged SERBL proxy","requires_user_price","Generic metal mass/life is approved; observed price remains missing and fragility uses a flagged interim proxy."
"MAT_METAL_ROOF_TILE","Metal Roofing - Tile or Shingle Form","metal","no","user override required","no","yes: provisional","approved generic-metal shared bucket","candidate steel shared bucket","active flagged SERBL proxy","requires_user_price","Observed price and escalation remain missing; fragility uses a flagged interim proxy."
"MAT_TILE_UNSPECIFIED","Roof Tile - Unspecified","tile","no","no","no","yes: provisional","no","no","active MSF1 after default resolution; MERBL excluded","input_only_defaulted","Preserve the raw term and set a default-applied flag."
"MAT_TILE_CLAY","Clay Tile","tile","no","user override required","yes: proxy PPI","yes: provisional","yes","yes: recycling factor falls back to landfill","active flagged MSF1 proxy; MERBL excluded","requires_user_price","Observed price remains missing; fragility uses a flagged interim proxy and MERBL remains excluded."
"MAT_TILE_CONCRETE","Concrete Tile","tile","no","user override required","yes: proxy PPI","yes: provisional","yes","yes","active flagged MSF1 proxy; MERBL excluded","requires_user_price","Observed price remains missing; fragility uses a flagged interim proxy and MERBL remains excluded."
"MAT_SLATE","Slate Roofing","mineral","no","user override required","no","yes: provisional","yes","yes: concrete EOL proxy","no","requires_user_price","Missing observed price, escalation, and fragility/EUL mapping."
"MAT_WOOD_SHAKE","Wood Shake or Shingle","wood","no","user override required","no","yes: provisional","user mass and EUL required","landfill factor; recycling falls back to landfill","no approved mapping","requires_user_values","User price, mass, and EUL are required; fragility mapping remains unresolved."
"MAT_BUR_MOD_BIT","Built-Up Roofing or Modified Bitumen","bituminous_membrane","no","user override required","no","no","no","yes: combined carbon bucket","no","requires_user_price","Only a combined EOL bucket is observed; BUR versus modified bitumen may later be split."
"MAT_TPO","TPO Membrane","single_ply_membrane","no","user override required","no","no","no","user EOL factor override required","no","requires_user_values","No usable observed price, mass, carbon factor, labor, or vulnerability coverage."
"MAT_EPDM","EPDM Membrane","single_ply_membrane","no","user override required","no","no","no","yes: tire proxy","no","requires_user_price","Missing observed price, escalation, labor, mass, and vulnerability coverage."
"MAT_PVC","PVC Membrane","single_ply_membrane","no","user override required","no","no","no","recycling falls back to landfill","no","requires_user_price","Missing observed price, escalation, labor, mass, and vulnerability coverage."
"MAT_ALUMINUM","Aluminum Roofing","metal","no","user override required","no","no","no","yes","no","requires_user_price","Missing observed price, escalation, labor, mass, and vulnerability coverage."
"MAT_COPPER","Copper Roofing","metal","no","user override required","no","no","no","yes","no","requires_user_price","Missing observed price, escalation, labor, mass, and vulnerability coverage."