"mapping_version","canonical_id","official_class_id","official_class_label","membership_role","default_canonical_id","aggregation_eligible","notes"
"v1.0.0","MAT_ASPHALT_UNSPECIFIED","OFFICIAL_ASPHALT","Asphalt","group_placeholder","MAT_ASPHALT_ARCH","false","Resolve generic input to architectural asphalt before subtype lookup; retain raw input and set default_applied=true."
"v1.0.0","MAT_ASPHALT_3TAB","OFFICIAL_ASPHALT","Asphalt","core_average_member","","true","Included in the V1 asphalt consolidated class."
"v1.0.0","MAT_ASPHALT_ARCH","OFFICIAL_ASPHALT","Asphalt","core_average_member","","true","Included in the V1 asphalt consolidated class."
"v1.0.0","MAT_ASPHALT_PREMIUM_ARCH","OFFICIAL_ASPHALT","Asphalt","core_average_member","","true","Included in the V1 asphalt consolidated class; domain rules control missing or shared values."
"v1.0.0","MAT_ASPHALT_IMPACT_CLASS4","OFFICIAL_ASPHALT","Asphalt","noncore_class_member","","false","Maps to the asphalt class for identity but is excluded from the V1 three-member average."
"v1.0.0","MAT_METAL_UNSPECIFIED","OFFICIAL_METAL","Metal","group_placeholder","MAT_METAL_CORRUGATED","false","Resolve generic input to corrugated metal before subtype lookup; retain raw input and set default_applied=true."
"v1.0.0","MAT_METAL_CORRUGATED","OFFICIAL_METAL","Metal","core_average_member","","true","Included in the V1 metal consolidated class."
"v1.0.0","MAT_METAL_STANDING_SEAM","OFFICIAL_METAL","Metal","core_average_member","","true","Included in the V1 metal consolidated class."
"v1.0.0","MAT_METAL_ROOF_TILE","OFFICIAL_METAL","Metal","core_average_member","","true","Included in the V1 metal consolidated class."
"v1.0.0","MAT_ALUMINUM","OFFICIAL_METAL","Metal","noncore_class_member","","false","Maps to the metal class for identity but is excluded from the V1 core average because current coverage is carbon-only."
"v1.0.0","MAT_COPPER","OFFICIAL_METAL","Metal","noncore_class_member","","false","Maps to the metal class for identity but is excluded from the V1 core average because current coverage is carbon-only."
"v1.0.0","MAT_TILE_UNSPECIFIED","OFFICIAL_TILE","Tile","group_placeholder","MAT_TILE_CONCRETE","false","Resolve generic input to concrete tile before subtype lookup; retain raw input and set default_applied=true."
"v1.0.0","MAT_TILE_CLAY","OFFICIAL_TILE","Tile","core_average_member","","true","Included in the V1 tile consolidated class."
"v1.0.0","MAT_TILE_CONCRETE","OFFICIAL_TILE","Tile","core_average_member","","true","Included in the V1 tile consolidated class."
"v1.0.0","MAT_SLATE","","","unsupported_family","","false","No V1 official class; reject or quarantine rather than coercing to tile."
"v1.0.0","MAT_WOOD_SHAKE","","","unsupported_family","","false","No V1 official class; reject or quarantine rather than coercing to asphalt."
"v1.0.0","MAT_BUR_MOD_BIT","","","unsupported_family","","false","No V1 official class; reject or quarantine rather than coercing to asphalt."
"v1.0.0","MAT_TPO","","","unsupported_family","","false","No V1 official class; reject or quarantine."
"v1.0.0","MAT_EPDM","","","unsupported_family","","false","No V1 official class; reject or quarantine."
"v1.0.0","MAT_PVC","","","unsupported_family","","false","No V1 official class; reject or quarantine."
"v1.0.0","COMP_FIBERGLASS_SHINGLE_MAT","","","component_excluded","","false","Preserve for provenance; never treat as a roof-covering option or consolidation member."
"v1.0.0","COMP_GYPSUM_COVER_BOARD","","","component_excluded","","false","Preserve for provenance; never treat as a roof-covering option or consolidation member."