"dataset_id","source_path","format","source_role","canonical_target","required_key_or_dimensions","geography_or_scope","time_coverage","source_units","mapping_domains","ingestion_status","reader_and_quality_notes"
"hazard_wind_return_periods_csv","Data/Wind_Return_Periods/gev_return_periods.csv","csv","authoritative tabular hazard lookup","reference_data/climate/wind_return_periods","lat_idx;lon_idx","CONUS404 1015 x 1367 curvilinear grid","45-year fit; static return levels","m/s native 20-second and converted 3-second gust","hazard_variable;return_period;unit","usable_with_quality_flag","Read grid indices as integers; join only on lat_idx/lon_idx; preserve all raw CI bounds; derive physical-validity separately from converged."
"hazard_wind_return_periods_netcdf","Data/Wind_Return_Periods/gev_return_periods.nc","netcdf4_hdf5","authoritative multidimensional hazard source","reference_data/climate/wind_return_periods","return_period;south_north;west_east","CONUS404 1015 x 1367 curvilinear grid","45-year fit; static return levels","m/s native 20-second and converted 3-second gust","hazard_variable;return_period;unit","usable_with_quality_flag","Six return periods: 10, 25, 50, 100, 200, 500; preserve CF metadata and use CSV only as the flattened interchange form."
"hazard_wind_climate_scaling","Data/Climate_Delta/wind_climate_scaling.parquet","parquet","single-trajectory future wind scaling","reference_data/climate/wind_delta","lat_idx;lon_idx","CONUS404 1015 x 1367 curvilinear grid","baseline 1980-2024; projections 2025-2050","dimensionless scale factors; source trend m/s/year","hazard_variable;projection_year","usable_through_2050","Join on grid indices; unpivot scale_YYYY columns during ingestion if the engine expects a year-keyed table; no scenario field exists."
"climate_zone_county_geometry","Data/Climate_Zones/ClimateZones.*","shapefile_family","raw county climate-zone geometry and attributes","reference_geo/geography/climate_zones","GEOID","county-equivalent polygons","IECC 2015 and IECC 2021 static vintages","zone number plus moisture regime","climate_zone;county_geoid","requires_preprocess","Raw CRS is NAD83; reproject to WGS84 output; strip leading G from GEOID only through an explicit crosswalk; combine IECC21 and Moisture21; quarantine sentinel and incomplete zones."
"fragility_eul_rul_defaults","Data/Fragility_Curves/roof_eul_rul_defaults.csv","csv","HAZUS-archetype EUL lookup","reference_data/vulnerability/eul_rul_defaults","material_id;climate_zone","16 IECC climate zones","static defaults","years","fragility_archetype;climate_zone;roof_material_to_fragility_proxy","blocked_mapping_decision","material_id is a HAZUS building archetype, not a physical roof material; do not use for physical burnout until proxy and service-life precedence are approved."
"fragility_curves","Data/Fragility_Curves/iecc2021/*/age_*/curves_hu.parquet","partitioned_parquet","curve metadata and transformed vulnerability functions","reference_data/vulnerability/fragility_curves","partition climate_region;partition asset_age;curve_id","16 IECC climate zones","asset ages 1-30","response unit varies by damage_type","fragility_archetype;hazus_material_class;damage_type;climate_zone","blocked_mapping_decision","Keep building_type separate from roof material; preserve damage_type and response-unit semantics; no resilience-tier field exists."
"fragility_curve_points","Data/Fragility_Curves/iecc2021/*/age_*/curve_points_hu.parquet","partitioned_parquet","curve x/y points","reference_data/vulnerability/fragility_curve_points","partition climate_region;partition asset_age;curve_id;x","16 IECC climate zones","asset ages 1-30","x hazard intensity; y damage-type-specific response","fragility_archetype;damage_type;climate_zone","blocked_mapping_decision","Join to curve metadata on curve_id within the same zone-age partition; do not assume y is always a ratio."
"fragility_curve_attributes","Data/Fragility_Curves/iecc2021/*/age_*/curve_attributes_hu.parquet","partitioned_parquet","normalized curve attributes","reference_data/vulnerability/fragility_curve_attributes","partition climate_region;partition asset_age;curve_id;key","16 IECC climate zones","asset ages 1-30","attribute-specific text values","fragility_attribute","usable_after_curve_mapping","Pivot only explicitly contracted attributes; retain key/value form for provenance."
"fragility_build_manifest","Data/Fragility_Curves/iecc2021/build_manifest.csv","csv","partition completeness manifest","reference_data/provenance/fragility_manifest","climate_region;asset_age","16 IECC climate zones","asset ages 1-30","row counts; bytes; seconds","climate_zone;build_status","qa_only","Require exactly 480 generated partitions before publishing a fragility version."
"fragility_build_metadata","Data/Fragility_Curves/iecc2021/build_metadata.json","json","fragility build provenance","reference_data/provenance/fragility_metadata","build/version metadata","national model metadata","build timestamp/version","metadata-specific","model_version","qa_only","Preserve beside the published fragility version and include its checksum in run provenance."
"fragility_reports","Data/Fragility_Curves/iecc2021/reports/*","csv_md_png","QA summaries and representative examples","reference_data/provenance/fragility_reports","report-specific","sampled zones/archetypes","representative ages and build summary","report-specific","fragility_archetype;damage_type;climate_zone","qa_only","Representative files are not complete simulation lookups and must never substitute for partitioned curves."
"labor_productivity_parameters","Data/Labor/Productivity/roof_labor_productivity_parameters.csv","csv","roof installation labor-hours model","reference_data/economics/labor_productivity","roof_type;roof_shape;roof_deck_attachment;roof_wall_connection;size_bucket;occupation_code","national defaults","static V1 assumptions","person-hours per square foot","roof_material;roof_shape;deck_attachment;wall_connection;size_bucket;occupation","provisional","Complete 7,920-row Cartesian lookup with shares summing to one; all rows are low-confidence ASSUMPTION_V1 and must carry that provenance."
"labor_productivity_sources","Data/Labor/Productivity/roof_labor_productivity_sources.csv","csv","labor model source metadata","reference_data/provenance/labor_productivity_sources","source_id","national metadata","accessed 2026-07-31","person-hours per square foot","source_id;evidence_type","provisional","Publication year and URL are blank; source explicitly says calibration is required before production use."
"labor_wages_wide","Data/Labor/Start_Year_2026/labor_wages_wide.csv; Data/Labor/Start_Year_2026/labor_wages_wide.parquet","csv_and_parquet","wide occupational wage lookup","reference_data/economics/labor_wages","DATA_YEAR;GEOGRAPHY_TYPE;AREA;OCC_CODE","BLS MSA and BOS areas with state/national fallbacks","2025 source wages in the 2026 model baseline","USD per hour","occupation;labor_geography;wage_metric;source_level","usable_with_crosswalk","Read AREA and source-area fields as strings to preserve leading zeros; map occupation by SOC code; requires asset-to-BLS-area crosswalk."
"labor_wages_long","Data/Labor/Start_Year_2026/labor_wages_long.parquet","parquet","long occupational wage lookup","reference_data/economics/labor_wages_long","DATA_YEAR;GEOGRAPHY_TYPE;AREA;OCC_CODE;WAGE_METRIC","BLS MSA and BOS areas with state/national fallbacks","2025 source wages in the 2026 model baseline","USD per hour","occupation;labor_geography;wage_metric;source_level","usable_with_crosswalk","Preferred normalized form for metric selection; retain IS_IMPUTED and source attribution."
"labor_geography_coverage","Data/Labor/Start_Year_2026/labor_geography_coverage.csv","csv","wage/geometry coverage QA","reference_data/provenance/labor_geography_coverage","AREA","BLS MSA and BOS areas","2019 boundary versus 2025 wage vintages","status","labor_geography;coverage_status","qa_only","484 matched, 47 geometry-only, and 46 wage-only rows; AREA is a string key."
"labor_geographies","Data/Labor/Start_Year_2026/labor_geographies.parquet","geoparquet","BLS labor-area geometry","reference_geo/economics/labor_geographies","AREA","531 geometry rows","2019 boundaries","geometry","labor_geography","preprocess_only","Geometry-bearing input must not be read by the simulation engine; build an ID-only asset-to-labor-area crosswalk upstream."
"labor_escalation_history","Data/Labor/Escalation/labor_escalation_history.parquet","parquet","annual wage transition history","reference_data/economics/labor_escalation_history","GEOGRAPHY_TYPE;AREA;OCC_CODE;WAGE_METRIC;TO_YEAR","BLS MSA and BOS areas","transitions 2021-2025","log and annual wage change","occupation;labor_geography;wage_metric;exclusion_reason","usable","Retain inclusion and exclusion reasons, source levels, and model version."
"labor_escalation_rate_audit","Data/Labor/Escalation/labor_escalation_rate_audit.parquet","parquet","hierarchical wage-rate audit","reference_data/provenance/labor_escalation_audit","GEOGRAPHY_TYPE;AREA;OCC_CODE;WAGE_METRIC","BLS MSA and BOS areas","history through 2025","decimal escalation rates","occupation;labor_geography;wage_metric;confidence","qa_only","Use constrained rate only through the associated model version; preserve adjustment reasons and confidence."
"labor_wage_projections","Data/Labor/Escalation/labor_wage_projections_2026_2050.parquet","parquet","future occupational wages","reference_data/economics/labor_wage_projections","GEOGRAPHY_TYPE;AREA;OCC_CODE;PROJECTION_YEAR","BLS MSA and BOS areas","2026-2050; base year 2025","USD per hour and dimensionless factors","occupation;labor_geography;wage_metric;projection_year","usable_through_2050","Choose raw versus constrained projections through a locked run-config field; no post-2050 values."
"material_price_national","Data/Materials/Start_Year_2026/home_depot_material_price_national.csv","csv","national retail material price fallback","reference_data/economics/material_costs","scrape_date;retailer;material_class","national","scraped 2026-07-31","USD per roofing square (100 square feet)","roof_material;retailer","sparse_fallback","Final exact-material fallback after ZIP, CBSA, and state; if absent, require user price override. Only three material classes; store_count is zero and bulk fields are blank."
"material_price_state","Data/Materials/Start_Year_2026/home_depot_material_price_by_state.csv","csv","state retail material price","reference_data/economics/material_costs","scrape_date;retailer;state;material_class","five states","scraped 2026-07-31","USD per roofing square (100 square feet)","roof_material;state;retailer","sparse_with_fallback","Fourteen rows; Texas corrugated metal is absent; fall back explicitly to national rather than fuzzy geography matching."
"material_price_cbsa","Data/Materials/Start_Year_2026/home_depot_material_price_by_cbsa.csv","csv","CBSA retail material price","reference_data/economics/material_costs","scrape_date;retailer;cbsa_code;material_class","five CBSAs","scraped 2026-07-31","USD per roofing square (100 square feet)","roof_material;cbsa;retailer","sparse_with_fallback","Read cbsa_code as five-character string; CBSA 26420 corrugated metal is absent."
"material_price_zip","Data/Materials/Start_Year_2026/home_depot_material_price_by_zip.csv","csv","ZIP retail material price","reference_data/economics/material_costs","scrape_date;retailer;zip_code;material_class","five ZIP codes","scraped 2026-07-31","USD per roofing square (100 square feet)","roof_material;zip;retailer","sparse_with_fallback","Read zip_code as five-character string; ZIP 77001 corrugated metal is absent."
"material_projection_rates","Data/Materials/Escalation/material_projection_rates.csv","csv","material-specific escalation","reference_data/economics/material_escalation","material_class","national material proxies","history through 2026-05","decimal rate and factor","roof_material;ppi_series","usable_with_proxy_labels","Seven material classes map to four PPI series; tile series and some material names are explicit proxies."
"material_mass","Data/Material_Mass/roofing_lbs.csv","csv","roof covering mass and literature service life","reference_data/economics/material_mass","asset_class","national defaults","static; source dates not encoded","lb per roofing square; lb per square foot; years","roof_material","usable_after_mapping","Seven categories; square and square-foot weights reconcile; architectural values are approved for premium architectural and generic Metal Roofing values are approved for all three metal forms, each with shared-bucket flags."
"carbon_eol_factors","Data/Carbon/roofing_eol_emission_factors.csv","csv","end-of-life emission factors and proxies","reference_data/economics/emissions_factors","Roofing Material Type","national material/proxy defaults","EPA source vintage not encoded as a column","MT CO2e per short ton; kg CO2e per lb","roof_material;roof_component;eol_proxy;eol_pathway","incomplete_factors","Parse textual NA values to null plus missing-reason; one landfill and five recycling factors are missing; ignore fiberglass mat and gypsum cover board in current calculations while preserving their raw rows."
"social_cost_greenhouse_gas","Data/Carbon/table_a5_1_scghg_unrounded_2020_2080.csv","csv","SC-GHG monetization","reference_data/economics/scghg","emission_year","national policy values","2020-2080","USD per metric ton by gas and discount rate","greenhouse_gas;discount_rate;emission_year","blocked_selection_policy","Unpivot gas/rate columns; lock a run-config selection rather than choosing a column implicitly."
"disposal_tipping_fees","Data/Disposal/EREF_2024_Tipping_Fees_Parsed.csv","csv","landfill tipping fee","reference_data/economics/disposal_costs","Region/State","44 states; six custom regions; national average","2024 report implied by filename","USD per ton; ton definition must be confirmed","state;disposal_region;geography_level","blocked_crosswalk_policy","Split mixed geography levels; add state codes and explicit state-to-region fallback; seven states/DC lack direct rows."
"loss_of_use_representative_points","Data/Loss_of_Use/representative_loss_of_use_curve_points.csv","csv","representative fragility QA sample","reference_data/provenance/loss_of_use_examples","building_type;climate_region;asset_age;wind_speed_mph","three sample climate zones","five sample ages","mph and downtime days","fragility_archetype;climate_zone;damage_type","qa_only","Only 3 zones x 5 ages; do not use as the production loss-of-use lookup."
"temporary_housing_costs","Data/Loss_of_Use/temporary_housing_relocation_costs.csv","csv","temporary housing and relocation cost","reference_data/economics/temporary_housing","year;hud_fips_code","county/HUD FMR areas in 56 state/territory codes","2025","USD per month and per day","county_fips;hud_fips;bedroom_type","usable_with_crosswalk","Read all FIPS fields as strings; primary_bedroom is always Two-Bedroom and needs an explicit selection/default policy."
"discount_rate_assumptions","Data/Scenario_Global_Inputs/Discount_Rate/discount_rate_assumptions.csv","csv","real and nominal discount-rate choices","reference_data/economics/discount_rates","budget_year;maturity_years","national","budget year 2026","percent","rate_basis;maturity_years","blocked_selection_policy","Rates are percentage values, not decimals; choose real versus nominal and maturity through run_config."
"cost_of_capital","Data/Scenario_Global_Inputs/Cost_of_Capital/damodaran_wacc_2026.csv","csv","industry WACC choices","reference_data/economics/cost_of_capital","industry","national industry benchmarks","2026 filename vintage","percent","industry;stakeholder_type","blocked_selection_policy","Map stakeholder perspective to an industry explicitly; do not select Engineering/Construction or insurance by name heuristics."
"inflation_long_term","Data/Scenario_Global_Inputs/Inflation/cbo_longterm_raw.csv","csv","long-term macro variables","reference_data/economics/inflation","date;variable","national","1996-2056","variable-specific percentages or levels","macro_variable;year","usable_after_variable_selection","Twenty-two variables share one value column; only contracted variables such as cpiu_growth should feed a named lookup."
"mortgage_rates","Data/Scenario_Global_Inputs/Mortgage_Rate/fred_mortgage_rates.csv","csv","historical homeowner financing rates","reference_data/economics/mortgage_rates","date;loan_type","national","weekly history from 1971","percent","loan_type;date","blocked_selection_policy","Contains 15-year and 30-year fixed terms; define as-of date and loan-term selection in run_config."
"regional_employment","Data/Regional_Socioeconomic/Employment/bls_qcew_housing_roofing_anchors.csv","csv","roofing/construction employment anchors","reference_data/economics/regional_employment","area_fips;own_code;industry_code;year;qtr","county FIPS","2025 Q3","establishments;employees;USD quarterly wages","county_fips;ownership_code;naics","usable_after_scope_selection","Read area_fips as a five-character string; actual data has three ownership and four industry codes, not only private NAICS 2361."
"county_gdp","Data/Regional_Socioeconomic/GDP/county_gdp.csv","csv","county GDP and sector context","reference_data/economics/regional_scalars","county_fips;year","county FIPS","2012-2024","USD; persons; percentages","county_fips;year;industry_sector","usable_with_temporal_policy","Read county_fips as string; every per-capita value is marked estimated; no projection beyond 2024."
"property_values","Data/Regional_Socioeconomic/Property_Values/cadence_property_values_acs5.csv","csv","ACS property-value context","reference_data/economics/regional_scalars","geography_level;fips;year","county FIPS only in current data","2020-2024","USD; housing-unit counts; ratio","geography_level;county_fips;year","usable_with_temporal_policy","Catalog mentions tract coverage but geography_level is county only; preserve leading-zero FIPS."
"asset_inventory_options","Data/User_Inputs/asset_inventory_options.xlsx","xlsx","asset input template/options","portfolios/raw_upload","asset_id","asset point","current inventory","mixed by field","roof_material;roof_shape;deck_attachment;wall_connection;deductible_type;peril","validated_template","Machine-readable controlled vocabulary now mirrors the workbook fields; geometry, material, deductible, and peril values are enumerated."
"asset_inventory_test","Data/User_Inputs/asset_inventory_test_1.xlsx","xlsx","asset input example","portfolios/raw_upload","asset_id","asset point","nominal 2025 observation implied by ages","mixed by field","roof_material;roof_shape;deck_attachment;wall_connection;deductible_type;peril","validated_input","Generic asphalt/metal plus subtype na now validate against the controlled vocabulary; downstream material defaults remain required for resolution."
"global_inputs_options","Data/User_Inputs/global_inputs_options.xlsx","xlsx","run-config template","run_configs","simulation_id","simulation run","user-selected horizon","mixed by field","stakeholder_perspective;cost_stream;benefit_stream;decision_metric","validated_template","Machine-readable controlled vocabulary now mirrors the workbook fields; stream, threshold, demand_surge, and occupation values are enumerated."
"global_inputs_test","Data/User_Inputs/global_inputs_test_1.xlsx","xlsx","run-config example","run_configs","simulation_id","simulation run","2025-2050","mixed by field","stakeholder_perspective;cost_stream;benefit_stream;decision_metric;occupation;boolean","validated_input","Semicolon-delimited stream and occupation fields now validate; npv_threshold accepts na as a null marker."